STATE/UT,DISTRICT,YEAR,MURDER,ATTEMPT TO MURDER,RAPE,KIDNAPPING & ABDUCTION,ROBBERY,BURGLARY,THEFT,AUTO THEFT,RIOTS,CHEATING,DATE,CRIME TYPE,NEIGHBORHOOD
ANDHRA PRADESH,ADILABAD,2013,101,80,61,123,45,189,450,120,89,140,2013-03-14,Burglary,Adilabad Town
ANDHRA PRADESH,ANANTAPUR,2013,142,110,48,94,62,230,510,145,115,180,2013-05-22,Theft,Anantapur Central
ANDHRA PRADESH,CHITTOOR,2013,125,95,54,105,58,210,490,135,98,160,2013-01-10,Attempt to Murder,Chittoor West
ANDHRA PRADESH,CUDDAPAH,2013,130,105,42,88,70,195,430,110,130,150,2013-07-18,Auto Theft,Cuddapah City
ANDHRA PRADESH,EAST GODAVARI,2013,98,78,72,135,38,245,620,180,75,210,2013-04-05,Murder,East Godavari North
ANDHRA PRADESH,GUNTAKAL RLY.,2013,5,2,1,3,12,15,180,10,0,8,2013-08-30,Robbery,Guntakal Railway Station
ANDHRA PRADESH,GUNTUR,2013,115,88,65,112,52,260,580,165,105,195,2013-02-17,Theft,Guntur South
ANDHRA PRADESH,HYDERABAD CITY,2013,85,120,98,185,110,480,1420,650,140,420,2013-09-12,Cheating,Hyderabad Tech Hub
ANDHRA PRADESH,KARIMNAGAR,2013,118,90,52,108,44,205,470,125,110,165,2013-06-25,Riots,Karimnagar East
ANDHRA PRADESH,KHAMMAM,2013,105,82,58,115,40,190,440,115,95,155,2013-11-04,Burglary,Khammam Central
ANDHRA PRADESH,KRISHNA,2013,92,75,49,98,46,220,530,150,85,175,2013-03-29,Kidnapping,Krishna District Headquarters
ANDHRA PRADESH,KURNOOL,2013,138,115,45,90,65,215,460,120,145,160,2013-10-15,Murder,Kurnool Old Town
ANDHRA PRADESH,MAHABUBNAGAR,2013,122,94,60,120,48,200,480,130,100,170,2013-12-01,Theft,Mahabubnagar North
ANDHRA PRADESH,MEDAK,2013,110,85,55,110,42,195,450,125,90,160,2013-01-28,Auto Theft,Medak Heights
ANDHRA PRADESH,NALGONDA,2013,115,88,50,105,45,185,430,118,105,150,2013-04-19,Robbery,Nalgonda Junction
ANDHRA PRADESH,NIZAMABAD,2013,95,72,44,95,38,175,390,105,80,140,2013-08-11,Burglary,Nizamabad Market
ANDHRA PRADESH,PRAKASAM,2013,102,80,48,100,42,190,440,120,95,155,2013-05-08,Theft,Prakasam Coast
ANDHRA PRADESH,RANGA REDDY,2013,135,140,110,210,95,410,1250,580,120,380,2013-07-23,Cheating,Ranga Reddy Suburbs
ARUNACHAL PRADESH,CHANGlang,2013,8,5,4,9,3,12,35,8,2,5,2013-02-14,Theft,Changlang Border Post
ARUNACHAL PRADESH,DIBANG VALLEY,2013,1,0,1,2,0,3,8,1,0,1,2013-09-05,Burglary,Dibang Valley Village
ARUNACHAL PRADESH,KAMLE,2013,3,2,2,4,1,6,15,3,1,2,2013-11-19,Attempt to Murder,Kamle Hills
ASSAM,BARPETA,2013,42,35,78,145,28,110,320,65,48,75,2013-03-03,Riots,Barpeta Market
ASSAM,BONGAIGAON,2013,28,22,45,95,18,85,240,48,32,50,2013-06-14,Theft,Bongaigaon Junction
ASSAM,CACHAR,2013,55,48,92,180,35,140,410,85,62,95,2013-08-21,Kidnapping,Cachar Valley
ASSAM,DARRANG,2013,38,30,65,125,22,95,280,55,40,60,2013-01-30,Robbery,Darrang Town
ASSAM,DHEMAJI,2013,22,18,38,72,12,65,190,38,25,40,2013-04-12,Burglary,Dhemaji Riverside
ASSAM,DHUBRI,2013,68,58,115,220,45,175,490,105,85,120,2013-10-09,Murder,Dhubri Border Area
ASSAM,DIBRUGARH,2013,48,40,70,135,26,120,350,75,50,80,2013-07-07,Auto Theft,Dibrugarh Tea Gardens
ASSAM,GUWAHATI CITY,2013,75,92,125,240,88,380,1120,480,95,310,2013-11-28,Cheating,Guwahati Commercial Hub
BIHAR,ARARIA,2013,62,85,32,140,48,160,420,95,185,110,2013-02-24,Riots,Araria Central
BIHAR,ARWAL,2013,24,32,12,45,15,55,130,28,65,35,2013-05-16,Theft,Arwal Rural District
BIHAR,AURANGABAD,2013,58,78,28,125,42,145,380,85,160,95,2013-09-02,Attempt to Murder,Aurangabad Highway
BIHAR,BANKA,2013,45,62,22,98,32,120,310,68,130,78,2013-12-11,Burglary,Banka Town
BIHAR,BEGUSARAI,2013,85,115,40,185,68,210,540,140,240,145,2013-03-18,Murder,Begusarai Industrial Zone
BIHAR,BHAGALPUR,2013,78,102,38,165,58,190,480,125,210,130,2013-06-30,Robbery,Bhagalpur Silk Market
BIHAR,PATNA,2013,195,260,115,420,185,620,1850,890,380,590,2013-10-04,Kidnapping,Patna Station Road
CHHATTISGARH,BALOD,2013,18,12,15,22,6,35,95,18,12,20,2013-01-15,Theft,Balod Town
CHHATTISGARH,BILASPUR,2013,65,48,72,110,32,180,490,130,65,110,2013-04-27,Auto Theft,Bilaspur Railway Hub
CHHATTISGARH,RAIPUR,2013,92,78,105,165,58,290,820,280,95,210,2013-08-14,Cheating,Raipur Capital District
DELHI UT,CENTRAL,2013,42,58,85,165,72,310,950,420,35,280,2013-03-11,Theft,Connaught Place
DELHI UT,EAST,2013,58,72,112,230,98,420,1280,590,52,340,2013-05-19,Vehicle Theft,Laxmi Nagar
DELHI UT,NEW DELHI,2013,12,18,24,45,22,95,310,125,10,110,2013-07-29,Cheating,Chanakyapuri Embassy Area
DELHI UT,NORTH,2013,48,65,95,190,82,360,1050,480,42,310,2013-09-08,Burglary,Civil Lines
DELHI UT,SOUTH,2013,65,88,145,290,125,540,1650,780,60,450,2013-11-12,Robbery,Hauz Khas Enclave
DELHI UT,WEST,2013,60,80,128,260,110,490,1480,690,55,410,2013-12-20,Kidnapping,Rajouri Garden
GUJARAT,AHMEDABAD CITY,2013,95,82,78,210,120,490,1580,720,110,480,2013-02-09,Cheating,Navrangpura Hub
GUJARAT,SURAT CITY,2013,82,70,85,185,95,420,1350,610,88,390,2013-06-03,Burglary,Surat Diamond Market
GUJARAT,VADODARA CITY,2013,45,38,42,98,48,210,680,290,45,190,2013-10-27,Sayajigunj,Sayajigunj
MAHARASHTRA,MUMBAI,2013,172,198,391,1024,845,2140,6820,3140,215,1890,2013-04-18,Theft,Marine Drive & Colaba
MAHARASHTRA,PUNE,2013,98,112,165,410,230,890,2740,1280,110,720,2013-08-08,Vehicle Theft,Kothrud & Viman Nagar
MAHARASHTRA,THANE,2013,115,130,210,520,310,1150,3450,1590,140,890,2013-11-01,Burglary,Thane West Station
KARNATAKA,BENGALURU CITY,2013,145,160,215,640,380,1420,4890,2150,160,1240,2013-03-25,Cheating,Indiranagar & Koramangala
TAMIL NADU,CHENNAI,2013,130,125,140,410,210,880,3120,1140,120,680,2013-07-14,Theft,T Nagar Shopping District
WEST BENGAL,KOLKATA,2013,88,105,120,380,165,640,2150,780,95,540,2013-09-30,Robbery,Park Street & Salt Lake
